username,following
chris_martin,coldplay
chris_martin,ibrahimArif
chris_martin,ryan_reynolds
chris_martin,twentyonepilots
chris_martin,tyler_joseph
coldplay,chris_martin
coldplay,ibrahimArif
cristiano_ronaldo,chris_martin
cristiano_ronaldo,ibrahimArif
cristiano_ronaldo,sergio_ramos
cristiano_ronaldo,tom_cruise
cristiano_ronaldo,tom_hardy
elizabeth_olsen,cristiano_ronaldo
elizabeth_olsen,ibrahimArif
ibrahimArif,chris_martin
ibrahimArif,coldplay
ibrahimArif,cristiano_ronaldo
ibrahimArif,elizabeth_olsen
ibrahimArif,jasonStatham
ibrahimArif,ryan_reynolds
ibrahimArif,sergio_ramos
ibrahimArif,tom_cruise
ibrahimArif,tom_hardy
ibrahimArif,twentyonepilots
ibrahimArif,tyler_joseph
jasonStatham,cristiano_ronaldo
jasonStatham,elizabeth_olsen
jasonStatham,ibrahimArif
jasonStatham,margot_robbie
jasonStatham,ryan_reynolds
jasonStatham,tom_hardy
margot_robbie,chris_martin
margot_robbie,cristiano_ronaldo
margot_robbie,elizabeth_olsen
margot_robbie,ibrahimArif
margot_robbie,jasonStatham
margot_robbie,ryan_reynolds
margot_robbie,tom_hardy
ryan_reynolds,chris_martin
ryan_reynolds,coldplay
ryan_reynolds,cristiano_ronaldo
ryan_reynolds,elizabeth_olsen
ryan_reynolds,ibrahimArif
ryan_reynolds,margot_robbie
ryan_reynolds,tom_hardy
sergio_ramos,cristiano_ronaldo
sergio_ramos,ibrahimArif
sergio_ramos,tom_cruise
sergio_ramos,tom_hardy
tom_cruise,coldplay
tom_cruise,cristiano_ronaldo
tom_cruise,ibrahimArif
tom_cruise,margot_robbie
tom_cruise,ryan_reynolds
tom_cruise,tom_hardy
tom_cruise,twentyonepilots
tom_cruise,tyler_joseph
tom_hardy,ibrahimArif
twentyonepilots,chris_martin
twentyonepilots,ibrahimArif
twentyonepilots,tom_cruise
twentyonepilots,tyler_joseph
tyler_joseph,ibrahimArif
